timestamp;buyer;seller;symbol;currency;price;quantity
700;;;ASH_COATED_OSMIUM;XIRECS;9990.0;8
2100;;;INTARIAN_PEPPER_ROOT;XIRECS;14000.0;6
4700;;;ASH_COATED_OSMIUM;XIRECS;9996.0;2
5000;;;INTARIAN_PEPPER_ROOT;XIRECS;13970.0;7
5500;;;ASH_COATED_OSMIUM;XIRECS;9993.0;6
8700;;;ASH_COATED_OSMIUM;XIRECS;9991.0;6
14300;;;ASH_COATED_OSMIUM;XIRECS;9990.0;10
14400;;;INTARIAN_PEPPER_ROOT;XIRECS;13941.0;4
15700;;;ASH_COATED_OSMIUM;XIRECS;9993.0;6
17300;;;ASH_COATED_OSMIUM;XIRECS;9996.0;5
17500;;;ASH_COATED_OSMIUM;XIRECS;9992.0;2
19800;;;ASH_COATED_OSMIUM;XIRECS;10008.0;6
20400;;;INTARIAN_PEPPER_ROOT;XIRECS;13913.0;6
20600;;;ASH_COATED_OSMIUM;XIRECS;9990.0;5
20800;;;ASH_COATED_OSMIUM;XIRECS;10007.0;5
21600;;;ASH_COATED_OSMIUM;XIRECS;10007.0;6
23500;;;ASH_COATED_OSMIUM;XIRECS;9991.0;10
23600;;;ASH_COATED_OSMIUM;XIRECS;10009.0;10
23700;;;INTARIAN_PEPPER_ROOT;XIRECS;13898.0;3
26300;;;ASH_COATED_OSMIUM;XIRECS;10009.0;3
26400;;;INTARIAN_PEPPER_ROOT;XIRECS;13870.0;3
28700;;;ASH_COATED_OSMIUM;XIRECS;9992.0;8
29200;;;INTARIAN_PEPPER_ROOT;XIRECS;13857.0;3
31100;;;ASH_COATED_OSMIUM;XIRECS;10009.0;2
35800;;;INTARIAN_PEPPER_ROOT;XIRECS;13844.0;4
36200;;;INTARIAN_PEPPER_ROOT;XIRECS;13825.0;5
36700;;;ASH_COATED_OSMIUM;XIRECS;9993.0;3
43900;;;ASH_COATED_OSMIUM;XIRECS;9992.0;8
45300;;;ASH_COATED_OSMIUM;XIRECS;9990.0;8
46000;;;INTARIAN_PEPPER_ROOT;XIRECS;13777.0;7
46100;;;INTARIAN_PEPPER_ROOT;XIRECS;13793.0;6
46400;;;ASH_COATED_OSMIUM;XIRECS;10006.0;2
46900;;;ASH_COATED_OSMIUM;XIRECS;9992.0;3
47100;;;ASH_COATED_OSMIUM;XIRECS;9993.0;2
49100;;;ASH_COATED_OSMIUM;XIRECS;10010.0;2
51800;;;ASH_COATED_OSMIUM;XIRECS;10007.0;8
53900;;;ASH_COATED_OSMIUM;XIRECS;10009.0;10
54800;;;ASH_COATED_OSMIUM;XIRECS;9992.0;4
55100;;;ASH_COATED_OSMIUM;XIRECS;9992.0;2
56400;;;ASH_COATED_OSMIUM;XIRECS;9991.0;6
56900;;;INTARIAN_PEPPER_ROOT;XIRECS;13743.0;8
57000;;;ASH_COATED_OSMIUM;XIRECS;9990.0;5
57300;;;ASH_COATED_OSMIUM;XIRECS;9989.0;6
59200;;;ASH_COATED_OSMIUM;XIRECS;9991.0;3
61200;;;INTARIAN_PEPPER_ROOT;XIRECS;13725.0;3
61300;;;INTARIAN_PEPPER_ROOT;XIRECS;13724.0;7
62000;;;INTARIAN_PEPPER_ROOT;XIRECS;13702.0;3
63800;;;INTARIAN_PEPPER_ROOT;XIRECS;13696.0;7
65100;;;INTARIAN_PEPPER_ROOT;XIRECS;13688.0;8
66400;;;ASH_COATED_OSMIUM;XIRECS;9996.0;8
67100;;;INTARIAN_PEPPER_ROOT;XIRECS;13681.0;4
67300;;;INTARIAN_PEPPER_ROOT;XIRECS;13679.0;6
67800;;;ASH_COATED_OSMIUM;XIRECS;10009.0;2
68100;;;INTARIAN_PEPPER_ROOT;XIRECS;13691.0;6
69700;;;INTARIAN_PEPPER_ROOT;XIRECS;13684.0;3
70300;;;INTARIAN_PEPPER_ROOT;XIRECS;13684.0;6
71000;;;INTARIAN_PEPPER_ROOT;XIRECS;13677.0;4
71900;;;INTARIAN_PEPPER_ROOT;XIRECS;13673.0;4
73800;;;ASH_COATED_OSMIUM;XIRECS;10012.0;4
74500;;;INTARIAN_PEPPER_ROOT;XIRECS;13661.0;4
75400;;;ASH_COATED_OSMIUM;XIRECS;10012.0;3
77200;;;ASH_COATED_OSMIUM;XIRECS;9993.0;4
77700;;;INTARIAN_PEPPER_ROOT;XIRECS;13646.0;4
80400;;;INTARIAN_PEPPER_ROOT;XIRECS;13619.0;7
80900;;;INTARIAN_PEPPER_ROOT;XIRECS;13616.0;4
81000;;;ASH_COATED_OSMIUM;XIRECS;10009.0;4
81200;;;INTARIAN_PEPPER_ROOT;XIRECS;13632.0;6
83600;;;INTARIAN_PEPPER_ROOT;XIRECS;13602.0;3
84900;;;ASH_COATED_OSMIUM;XIRECS;9990.0;6
88100;;;ASH_COATED_OSMIUM;XIRECS;9991.0;6
88600;;;INTARIAN_PEPPER_ROOT;XIRECS;13597.0;7
89500;;;INTARIAN_PEPPER_ROOT;XIRECS;13592.0;7
90000;;;INTARIAN_PEPPER_ROOT;XIRECS;13572.0;5
93500;;;ASH_COATED_OSMIUM;XIRECS;9990.0;7
94600;;;ASH_COATED_OSMIUM;XIRECS;10009.0;5
98200;;;ASH_COATED_OSMIUM;XIRECS;9992.0;5
98400;;;INTARIAN_PEPPER_ROOT;XIRECS;13535.0;5
101500;;;INTARIAN_PEPPER_ROOT;XIRECS;13521.0;6
101800;;;ASH_COATED_OSMIUM;XIRECS;10010.0;4
102000;;;ASH_COATED_OSMIUM;XIRECS;10006.0;5
103000;;;INTARIAN_PEPPER_ROOT;XIRECS;13530.0;3
104400;;;ASH_COATED_OSMIUM;XIRECS;10008.0;5
105000;;;ASH_COATED_OSMIUM;XIRECS;9991.0;3
105400;;;ASH_COATED_OSMIUM;XIRECS;9991.0;3
108100;;;ASH_COATED_OSMIUM;XIRECS;9996.0;6
108400;;;ASH_COATED_OSMIUM;XIRECS;10008.0;9
109900;;;INTARIAN_PEPPER_ROOT;XIRECS;13496.0;5
111300;;;ASH_COATED_OSMIUM;XIRECS;10010.0;8
114900;;;ASH_COATED_OSMIUM;XIRECS;10011.0;4
115100;;;ASH_COATED_OSMIUM;XIRECS;9993.0;6
116200;;;INTARIAN_PEPPER_ROOT;XIRECS;13453.0;5
119100;;;ASH_COATED_OSMIUM;XIRECS;9992.0;5
119300;;;ASH_COATED_OSMIUM;XIRECS;10008.0;6
120300;;;ASH_COATED_OSMIUM;XIRECS;10009.0;8
120600;;;ASH_COATED_OSMIUM;XIRECS;10008.0;6
124500;;;INTARIAN_PEPPER_ROOT;XIRECS;13413.0;7
126500;;;INTARIAN_PEPPER_ROOT;XIRECS;13421.0;4
127500;;;INTARIAN_PEPPER_ROOT;XIRECS;13414.0;3
129300;;;ASH_COATED_OSMIUM;XIRECS;9994.0;2
130700;;;INTARIAN_PEPPER_ROOT;XIRECS;13385.0;5
131100;;;ASH_COATED_OSMIUM;XIRECS;9990.0;9
131500;;;INTARIAN_PEPPER_ROOT;XIRECS;13396.0;3
134100;;;INTARIAN_PEPPER_ROOT;XIRECS;13369.0;7
134800;;;ASH_COATED_OSMIUM;XIRECS;10009.0;2
135300;;;ASH_COATED_OSMIUM;XIRECS;9991.0;5
136200;;;ASH_COATED_OSMIUM;XIRECS;10008.0;5
137100;;;ASH_COATED_OSMIUM;XIRECS;10009.0;6
137500;;;ASH_COATED_OSMIUM;XIRECS;9990.0;4
138600;;;ASH_COATED_OSMIUM;XIRECS;9991.0;5
140300;;;INTARIAN_PEPPER_ROOT;XIRECS;13340.0;5
140500;;;ASH_COATED_OSMIUM;XIRECS;9990.0;6
142100;;;INTARIAN_PEPPER_ROOT;XIRECS;13347.0;3
144900;;;ASH_COATED_OSMIUM;XIRECS;9991.0;3
145400;;;ASH_COATED_OSMIUM;XIRECS;9991.0;8
146600;;;ASH_COATED_OSMIUM;XIRECS;9992.0;5
148700;;;ASH_COATED_OSMIUM;XIRECS;10007.0;5
149100;;;ASH_COATED_OSMIUM;XIRECS;9991.0;5
151000;;;INTARIAN_PEPPER_ROOT;XIRECS;13290.0;7
152000;;;INTARIAN_PEPPER_ROOT;XIRECS;13300.0;5
154000;;;ASH_COATED_OSMIUM;XIRECS;10008.0;2
155800;;;INTARIAN_PEPPER_ROOT;XIRECS;13268.0;3
155800;;;ASH_COATED_OSMIUM;XIRECS;9993.0;3
157900;;;INTARIAN_PEPPER_ROOT;XIRECS;13258.0;4
160200;;;INTARIAN_PEPPER_ROOT;XIRECS;13264.0;5
160600;;;ASH_COATED_OSMIUM;XIRECS;10009.0;6
161600;;;INTARIAN_PEPPER_ROOT;XIRECS;13241.0;4
162000;;;INTARIAN_PEPPER_ROOT;XIRECS;13239.0;5
163200;;;INTARIAN_PEPPER_ROOT;XIRECS;13234.0;8
165900;;;INTARIAN_PEPPER_ROOT;XIRECS;13221.0;7
166600;;;INTARIAN_PEPPER_ROOT;XIRECS;13217.0;3
166700;;;INTARIAN_PEPPER_ROOT;XIRECS;13215.0;7
167200;;;ASH_COATED_OSMIUM;XIRECS;10000.0;2
167300;;;ASH_COATED_OSMIUM;XIRECS;9994.0;4
167700;;;ASH_COATED_OSMIUM;XIRECS;10010.0;4
168100;;;ASH_COATED_OSMIUM;XIRECS;9994.0;6
168200;;;ASH_COATED_OSMIUM;XIRECS;9999.0;4
171100;;;INTARIAN_PEPPER_ROOT;XIRECS;13197.0;5
174400;;;ASH_COATED_OSMIUM;XIRECS;9994.0;3
176800;;;INTARIAN_PEPPER_ROOT;XIRECS;13168.0;6
178600;;;ASH_COATED_OSMIUM;XIRECS;9992.0;4
179200;;;ASH_COATED_OSMIUM;XIRECS;10008.0;9
181800;;;INTARIAN_PEPPER_ROOT;XIRECS;13162.0;3
182000;;;ASH_COATED_OSMIUM;XIRECS;10008.0;6
183500;;;ASH_COATED_OSMIUM;XIRECS;10004.0;10
185400;;;INTARIAN_PEPPER_ROOT;XIRECS;13130.0;5
187200;;;INTARIAN_PEPPER_ROOT;XIRECS;13136.0;3
187600;;;ASH_COATED_OSMIUM;XIRECS;10009.0;8
190400;;;ASH_COATED_OSMIUM;XIRECS;9991.0;2
191300;;;INTARIAN_PEPPER_ROOT;XIRECS;13117.0;4
192100;;;INTARIAN_PEPPER_ROOT;XIRECS;13099.0;4
192800;;;ASH_COATED_OSMIUM;XIRECS;9991.0;3
193100;;;ASH_COATED_OSMIUM;XIRECS;10008.0;4
194400;;;ASH_COATED_OSMIUM;XIRECS;9991.0;3
195900;;;INTARIAN_PEPPER_ROOT;XIRECS;13096.0;7
196900;;;INTARIAN_PEPPER_ROOT;XIRECS;13076.0;5
197600;;;ASH_COATED_OSMIUM;XIRECS;10009.0;5
200000;;;INTARIAN_PEPPER_ROOT;XIRECS;13062.0;5
200600;;;ASH_COATED_OSMIUM;XIRECS;10008.0;3
202800;;;INTARIAN_PEPPER_ROOT;XIRECS;13058.0;6
203300;;;ASH_COATED_OSMIUM;XIRECS;9991.0;7
203800;;;ASH_COATED_OSMIUM;XIRECS;9993.0;9
204900;;;ASH_COATED_OSMIUM;XIRECS;10011.0;10
205700;;;ASH_COATED_OSMIUM;XIRECS;9994.0;6
206200;;;INTARIAN_PEPPER_ROOT;XIRECS;13033.0;7
206200;;;ASH_COATED_OSMIUM;XIRECS;10007.0;4
206800;;;INTARIAN_PEPPER_ROOT;XIRECS;13045.0;5
210200;;;INTARIAN_PEPPER_ROOT;XIRECS;13014.0;3
211600;;;INTARIAN_PEPPER_ROOT;XIRECS;13024.0;5
212400;;;ASH_COATED_OSMIUM;XIRECS;10005.0;9
213000;;;ASH_COATED_OSMIUM;XIRECS;10008.0;3
217000;;;INTARIAN_PEPPER_ROOT;XIRECS;12997.0;7
217400;;;ASH_COATED_OSMIUM;XIRECS;10010.0;7
219600;;;ASH_COATED_OSMIUM;XIRECS;10008.0;4
220900;;;ASH_COATED_OSMIUM;XIRECS;9992.0;5
221000;;;INTARIAN_PEPPER_ROOT;XIRECS;12964.0;4
221000;;;ASH_COATED_OSMIUM;XIRECS;10007.0;8
221800;;;INTARIAN_PEPPER_ROOT;XIRECS;12959.0;7
221800;;;ASH_COATED_OSMIUM;XIRECS;9997.0;4
222100;;;INTARIAN_PEPPER_ROOT;XIRECS;12975.0;6
223100;;;ASH_COATED_OSMIUM;XIRECS;9991.0;5
224000;;;INTARIAN_PEPPER_ROOT;XIRECS;12964.0;7
224800;;;ASH_COATED_OSMIUM;XIRECS;9992.0;8
227900;;;INTARIAN_PEPPER_ROOT;XIRECS;12946.0;3
228300;;;INTARIAN_PEPPER_ROOT;XIRECS;12930.0;6
230100;;;ASH_COATED_OSMIUM;XIRECS;10009.0;4
233600;;;INTARIAN_PEPPER_ROOT;XIRECS;12904.0;5
234500;;;ASH_COATED_OSMIUM;XIRECS;10008.0;9
240000;;;ASH_COATED_OSMIUM;XIRECS;9990.0;5
241500;;;INTARIAN_PEPPER_ROOT;XIRECS;12868.0;5
243100;;;INTARIAN_PEPPER_ROOT;XIRECS;12877.0;7
243900;;;INTARIAN_PEPPER_ROOT;XIRECS;12858.0;7
245000;;;ASH_COATED_OSMIUM;XIRECS;9992.0;5
247400;;;ASH_COATED_OSMIUM;XIRECS;10011.0;5
248500;;;INTARIAN_PEPPER_ROOT;XIRECS;12851.0;3
248600;;;ASH_COATED_OSMIUM;XIRECS;9993.0;10
249100;;;ASH_COATED_OSMIUM;XIRECS;10009.0;9
250000;;;INTARIAN_PEPPER_ROOT;XIRECS;12843.0;7
250600;;;INTARIAN_PEPPER_ROOT;XIRECS;12841.0;3
251300;;;ASH_COATED_OSMIUM;XIRECS;10009.0;7
251600;;;INTARIAN_PEPPER_ROOT;XIRECS;12822.0;5
253200;;;ASH_COATED_OSMIUM;XIRECS;10008.0;3
254400;;;ASH_COATED_OSMIUM;XIRECS;10008.0;3
259900;;;ASH_COATED_OSMIUM;XIRECS;10010.0;2
260000;;;ASH_COATED_OSMIUM;XIRECS;10003.0;6
261200;;;ASH_COATED_OSMIUM;XIRECS;9991.0;5
262100;;;INTARIAN_PEPPER_ROOT;XIRECS;12771.0;3
262300;;;ASH_COATED_OSMIUM;XIRECS;10008.0;5
262800;;;ASH_COATED_OSMIUM;XIRECS;9991.0;6
263000;;;ASH_COATED_OSMIUM;XIRECS;10007.0;4
263000;;;ASH_COATED_OSMIUM;XIRECS;10007.0;6
263600;;;ASH_COATED_OSMIUM;XIRECS;9991.0;3
265500;;;ASH_COATED_OSMIUM;XIRECS;9991.0;2
268400;;;INTARIAN_PEPPER_ROOT;XIRECS;12744.0;6
268400;;;INTARIAN_PEPPER_ROOT;XIRECS;12761.0;4
268800;;;INTARIAN_PEPPER_ROOT;XIRECS;12742.0;4
270600;;;INTARIAN_PEPPER_ROOT;XIRECS;12750.0;3
272300;;;ASH_COATED_OSMIUM;XIRECS;9993.0;10
273500;;;ASH_COATED_OSMIUM;XIRECS;9992.0;8
275400;;;INTARIAN_PEPPER_ROOT;XIRECS;12725.0;5
278600;;;ASH_COATED_OSMIUM;XIRECS;10007.0;5
278900;;;INTARIAN_PEPPER_ROOT;XIRECS;12695.0;4
279600;;;ASH_COATED_OSMIUM;XIRECS;10008.0;6
279800;;;ASH_COATED_OSMIUM;XIRECS;10009.0;3
280900;;;ASH_COATED_OSMIUM;XIRECS;10009.0;6
282600;;;INTARIAN_PEPPER_ROOT;XIRECS;12692.0;8
282700;;;ASH_COATED_OSMIUM;XIRECS;9996.0;9
283000;;;INTARIAN_PEPPER_ROOT;XIRECS;12690.0;6
284100;;;INTARIAN_PEPPER_ROOT;XIRECS;12670.0;7
285100;;;ASH_COATED_OSMIUM;XIRECS;9990.0;6
288000;;;ASH_COATED_OSMIUM;XIRECS;9995.0;5
288000;;;ASH_COATED_OSMIUM;XIRECS;10008.0;6
288500;;;INTARIAN_PEPPER_ROOT;XIRECS;12650.0;7
288700;;;ASH_COATED_OSMIUM;XIRECS;9989.0;3
289700;;;INTARIAN_PEPPER_ROOT;XIRECS;12659.0;3
292700;;;INTARIAN_PEPPER_ROOT;XIRECS;12646.0;6
295000;;;ASH_COATED_OSMIUM;XIRECS;10010.0;2
299300;;;ASH_COATED_OSMIUM;XIRECS;9991.0;2
300400;;;ASH_COATED_OSMIUM;XIRECS;10008.0;7
301000;;;ASH_COATED_OSMIUM;XIRECS;9992.0;8
301700;;;ASH_COATED_OSMIUM;XIRECS;10009.0;5
303600;;;INTARIAN_PEPPER_ROOT;XIRECS;12580.0;6
305700;;;ASH_COATED_OSMIUM;XIRECS;9991.0;3
305800;;;ASH_COATED_OSMIUM;XIRECS;9991.0;4
306500;;;ASH_COATED_OSMIUM;XIRECS;9995.0;3
307300;;;ASH_COATED_OSMIUM;XIRECS;9992.0;2
307600;;;ASH_COATED_OSMIUM;XIRECS;10009.0;3
308300;;;ASH_COATED_OSMIUM;XIRECS;10008.0;2
308500;;;ASH_COATED_OSMIUM;XIRECS;10009.0;2
311300;;;INTARIAN_PEPPER_ROOT;XIRECS;12558.0;5
311600;;;ASH_COATED_OSMIUM;XIRECS;9991.0;2
314200;;;ASH_COATED_OSMIUM;XIRECS;9992.0;5
315500;;;INTARIAN_PEPPER_ROOT;XIRECS;12540.0;5
316700;;;INTARIAN_PEPPER_ROOT;XIRECS;12518.0;5
317100;;;ASH_COATED_OSMIUM;XIRECS;9992.0;4
319300;;;INTARIAN_PEPPER_ROOT;XIRECS;12523.0;3
319700;;;INTARIAN_PEPPER_ROOT;XIRECS;12507.0;4
325300;;;ASH_COATED_OSMIUM;XIRECS;10010.0;6
326300;;;ASH_COATED_OSMIUM;XIRECS;9989.0;7
326500;;;INTARIAN_PEPPER_ROOT;XIRECS;12471.0;6
333400;;;INTARIAN_PEPPER_ROOT;XIRECS;12441.0;7
334800;;;INTARIAN_PEPPER_ROOT;XIRECS;12433.0;7
334900;;;ASH_COATED_OSMIUM;XIRECS;10005.0;8
335900;;;ASH_COATED_OSMIUM;XIRECS;10009.0;7
336100;;;INTARIAN_PEPPER_ROOT;XIRECS;12428.0;5
336200;;;INTARIAN_PEPPER_ROOT;XIRECS;12426.0;6
336200;;;ASH_COATED_OSMIUM;XIRECS;9991.0;8
336600;;;ASH_COATED_OSMIUM;XIRECS;10009.0;4
338400;;;ASH_COATED_OSMIUM;XIRECS;10011.0;3
338600;;;ASH_COATED_OSMIUM;XIRECS;9994.0;5
339900;;;ASH_COATED_OSMIUM;XIRECS;10009.0;10
340500;;;ASH_COATED_OSMIUM;XIRECS;10009.0;5
340800;;;ASH_COATED_OSMIUM;XIRECS;10010.0;10
341100;;;INTARIAN_PEPPER_ROOT;XIRECS;12419.0;5
343000;;;ASH_COATED_OSMIUM;XIRECS;9992.0;6
343600;;;ASH_COATED_OSMIUM;XIRECS;10008.0;5
346000;;;INTARIAN_PEPPER_ROOT;XIRECS;12397.0;3
348100;;;INTARIAN_PEPPER_ROOT;XIRECS;12371.0;5
348600;;;ASH_COATED_OSMIUM;XIRECS;9992.0;6
349900;;;INTARIAN_PEPPER_ROOT;XIRECS;12364.0;8
350700;;;ASH_COATED_OSMIUM;XIRECS;9992.0;7
350900;;;ASH_COATED_OSMIUM;XIRECS;10009.0;5
351800;;;ASH_COATED_OSMIUM;XIRECS;10008.0;5
352500;;;ASH_COATED_OSMIUM;XIRECS;9992.0;3
356000;;;INTARIAN_PEPPER_ROOT;XIRECS;12336.0;5
357400;;;INTARIAN_PEPPER_ROOT;XIRECS;12327.0;3
358500;;;INTARIAN_PEPPER_ROOT;XIRECS;12338.0;4
362400;;;INTARIAN_PEPPER_ROOT;XIRECS;12306.0;7
362500;;;ASH_COATED_OSMIUM;XIRECS;9992.0;4
363700;;;ASH_COATED_OSMIUM;XIRECS;9991.0;3
367900;;;ASH_COATED_OSMIUM;XIRECS;9993.0;5
368100;;;INTARIAN_PEPPER_ROOT;XIRECS;12279.0;7
373300;;;ASH_COATED_OSMIUM;XIRECS;10008.0;3
373700;;;ASH_COATED_OSMIUM;XIRECS;9990.0;3
373900;;;INTARIAN_PEPPER_ROOT;XIRECS;12267.0;7
374600;;;INTARIAN_PEPPER_ROOT;XIRECS;12265.0;4
375000;;;ASH_COATED_OSMIUM;XIRECS;9992.0;6
375200;;;ASH_COATED_OSMIUM;XIRECS;10009.0;10
382100;;;INTARIAN_PEPPER_ROOT;XIRECS;12220.0;3
383500;;;ASH_COATED_OSMIUM;XIRECS;10007.0;8
385800;;;ASH_COATED_OSMIUM;XIRECS;10010.0;8
387200;;;ASH_COATED_OSMIUM;XIRECS;9991.0;8
387800;;;ASH_COATED_OSMIUM;XIRECS;9992.0;6
390600;;;ASH_COATED_OSMIUM;XIRECS;9991.0;3
391500;;;INTARIAN_PEPPER_ROOT;XIRECS;12170.0;7
391800;;;INTARIAN_PEPPER_ROOT;XIRECS;12184.0;8
392000;;;INTARIAN_PEPPER_ROOT;XIRECS;12183.0;3
395900;;;INTARIAN_PEPPER_ROOT;XIRECS;12164.0;6
397400;;;INTARIAN_PEPPER_ROOT;XIRECS;12161.0;3
398300;;;ASH_COATED_OSMIUM;XIRECS;10007.0;2
398700;;;INTARIAN_PEPPER_ROOT;XIRECS;12154.0;6
401600;;;INTARIAN_PEPPER_ROOT;XIRECS;12138.0;7
402300;;;INTARIAN_PEPPER_ROOT;XIRECS;12120.0;6
402900;;;ASH_COATED_OSMIUM;XIRECS;10008.0;3
403200;;;ASH_COATED_OSMIUM;XIRECS;10010.0;5
403400;;;ASH_COATED_OSMIUM;XIRECS;9992.0;8
403900;;;INTARIAN_PEPPER_ROOT;XIRECS;12127.0;7
404700;;;ASH_COATED_OSMIUM;XIRECS;9992.0;5
407400;;;INTARIAN_PEPPER_ROOT;XIRECS;12111.0;4
408400;;;INTARIAN_PEPPER_ROOT;XIRECS;12106.0;3
408800;;;INTARIAN_PEPPER_ROOT;XIRECS;12090.0;5
411200;;;INTARIAN_PEPPER_ROOT;XIRECS;12094.0;4
413600;;;INTARIAN_PEPPER_ROOT;XIRECS;12067.0;3
414200;;;ASH_COATED_OSMIUM;XIRECS;9994.0;6
414700;;;INTARIAN_PEPPER_ROOT;XIRECS;12076.0;5
415000;;;ASH_COATED_OSMIUM;XIRECS;9991.0;2
416400;;;INTARIAN_PEPPER_ROOT;XIRECS;12053.0;3
416800;;;INTARIAN_PEPPER_ROOT;XIRECS;12069.0;3
417200;;;ASH_COATED_OSMIUM;XIRECS;9992.0;3
418300;;;ASH_COATED_OSMIUM;XIRECS;10010.0;6
418400;;;INTARIAN_PEPPER_ROOT;XIRECS;12043.0;3
418400;;;INTARIAN_PEPPER_ROOT;XIRECS;12060.0;5
418500;;;ASH_COATED_OSMIUM;XIRECS;9994.0;5
419300;;;ASH_COATED_OSMIUM;XIRECS;10006.0;2
420500;;;ASH_COATED_OSMIUM;XIRECS;10008.0;4
422800;;;ASH_COATED_OSMIUM;XIRECS;9993.0;5
423000;;;INTARIAN_PEPPER_ROOT;XIRECS;12022.0;7
423000;;;ASH_COATED_OSMIUM;XIRECS;10010.0;4
424100;;;ASH_COATED_OSMIUM;XIRECS;10010.0;10
425000;;;ASH_COATED_OSMIUM;XIRECS;10010.0;6
427600;;;ASH_COATED_OSMIUM;XIRECS;9991.0;6
428600;;;INTARIAN_PEPPER_ROOT;XIRECS;11998.0;3
431200;;;INTARIAN_PEPPER_ROOT;XIRECS;12000.0;5
431300;;;ASH_COATED_OSMIUM;XIRECS;9990.0;6
431500;;;INTARIAN_PEPPER_ROOT;XIRECS;11986.0;3
432900;;;INTARIAN_PEPPER_ROOT;XIRECS;11992.0;7
433400;;;INTARIAN_PEPPER_ROOT;XIRECS;11975.0;6
435500;;;INTARIAN_PEPPER_ROOT;XIRECS;11981.0;4
436400;;;ASH_COATED_OSMIUM;XIRECS;9991.0;4
436900;;;INTARIAN_PEPPER_ROOT;XIRECS;11959.0;5
437100;;;ASH_COATED_OSMIUM;XIRECS;10007.0;2
439000;;;INTARIAN_PEPPER_ROOT;XIRECS;11965.0;7
439700;;;ASH_COATED_OSMIUM;XIRECS;10009.0;10
441400;;;INTARIAN_PEPPER_ROOT;XIRECS;11954.0;4
441500;;;ASH_COATED_OSMIUM;XIRECS;9997.0;6
442100;;;INTARIAN_PEPPER_ROOT;XIRECS;11935.0;3
444100;;;INTARIAN_PEPPER_ROOT;XIRECS;11926.0;4
445700;;;INTARIAN_PEPPER_ROOT;XIRECS;11918.0;5
446600;;;ASH_COATED_OSMIUM;XIRECS;10008.0;6
446700;;;INTARIAN_PEPPER_ROOT;XIRECS;11913.0;4
447200;;;ASH_COATED_OSMIUM;XIRECS;9993.0;3
449600;;;INTARIAN_PEPPER_ROOT;XIRECS;11916.0;5
449600;;;ASH_COATED_OSMIUM;XIRECS;9992.0;2
450100;;;INTARIAN_PEPPER_ROOT;XIRECS;11898.0;5
450900;;;ASH_COATED_OSMIUM;XIRECS;10009.0;4
455200;;;INTARIAN_PEPPER_ROOT;XIRECS;11888.0;7
455400;;;ASH_COATED_OSMIUM;XIRECS;10006.0;6
456000;;;ASH_COATED_OSMIUM;XIRECS;9993.0;5
459200;;;INTARIAN_PEPPER_ROOT;XIRECS;11855.0;3
463300;;;INTARIAN_PEPPER_ROOT;XIRECS;11835.0;5
463500;;;INTARIAN_PEPPER_ROOT;XIRECS;11835.0;4
463500;;;ASH_COATED_OSMIUM;XIRECS;10009.0;4
464000;;;INTARIAN_PEPPER_ROOT;XIRECS;11847.0;4
464200;;;ASH_COATED_OSMIUM;XIRECS;9993.0;2
465700;;;INTARIAN_PEPPER_ROOT;XIRECS;11829.0;6
465800;;;INTARIAN_PEPPER_ROOT;XIRECS;11824.0;3
467200;;;INTARIAN_PEPPER_ROOT;XIRECS;11817.0;7
470100;;;ASH_COATED_OSMIUM;XIRECS;9993.0;4
471700;;;ASH_COATED_OSMIUM;XIRECS;9992.0;8
471700;;;ASH_COATED_OSMIUM;XIRECS;9992.0;4
474300;;;ASH_COATED_OSMIUM;XIRECS;9991.0;3
478300;;;ASH_COATED_OSMIUM;XIRECS;9992.0;6
479400;;;ASH_COATED_OSMIUM;XIRECS;10009.0;5
480400;;;ASH_COATED_OSMIUM;XIRECS;9991.0;4
483200;;;INTARIAN_PEPPER_ROOT;XIRECS;11757.0;7
484600;;;ASH_COATED_OSMIUM;XIRECS;10011.0;3
487400;;;INTARIAN_PEPPER_ROOT;XIRECS;11740.0;5
489400;;;INTARIAN_PEPPER_ROOT;XIRECS;11714.0;5
490000;;;ASH_COATED_OSMIUM;XIRECS;9993.0;2
490300;;;INTARIAN_PEPPER_ROOT;XIRECS;11726.0;5
490800;;;ASH_COATED_OSMIUM;XIRECS;10007.0;3
491500;;;INTARIAN_PEPPER_ROOT;XIRECS;11704.0;4
493800;;;INTARIAN_PEPPER_ROOT;XIRECS;11708.0;4
493900;;;ASH_COATED_OSMIUM;XIRECS;9992.0;3
497100;;;INTARIAN_PEPPER_ROOT;XIRECS;11678.0;7
500400;;;INTARIAN_PEPPER_ROOT;XIRECS;11661.0;5
503000;;;INTARIAN_PEPPER_ROOT;XIRECS;11665.0;3
505100;;;ASH_COATED_OSMIUM;XIRECS;9992.0;4
505700;;;ASH_COATED_OSMIUM;XIRECS;10004.0;4
509100;;;INTARIAN_PEPPER_ROOT;XIRECS;11637.0;5
509500;;;INTARIAN_PEPPER_ROOT;XIRECS;11620.0;6
510500;;;ASH_COATED_OSMIUM;XIRECS;10009.0;2
510700;;;ASH_COATED_OSMIUM;XIRECS;9993.0;4
510800;;;ASH_COATED_OSMIUM;XIRECS;10008.0;8
512900;;;ASH_COATED_OSMIUM;XIRECS;10007.0;9
513400;;;ASH_COATED_OSMIUM;XIRECS;10007.0;4
514300;;;INTARIAN_PEPPER_ROOT;XIRECS;11599.0;3
514500;;;INTARIAN_PEPPER_ROOT;XIRECS;11612.0;4
514900;;;ASH_COATED_OSMIUM;XIRECS;9991.0;3
516300;;;ASH_COATED_OSMIUM;XIRECS;9991.0;4
518900;;;ASH_COATED_OSMIUM;XIRECS;10009.0;6
519900;;;ASH_COATED_OSMIUM;XIRECS;9992.0;4
521600;;;INTARIAN_PEPPER_ROOT;XIRECS;11579.0;8
521900;;;ASH_COATED_OSMIUM;XIRECS;9991.0;9
522200;;;ASH_COATED_OSMIUM;XIRECS;9995.0;4
523400;;;ASH_COATED_OSMIUM;XIRECS;10008.0;3
524200;;;ASH_COATED_OSMIUM;XIRECS;10008.0;3
524500;;;ASH_COATED_OSMIUM;XIRECS;10009.0;10
527800;;;INTARIAN_PEPPER_ROOT;XIRECS;11550.0;3
529000;;;ASH_COATED_OSMIUM;XIRECS;9991.0;10
530200;;;INTARIAN_PEPPER_ROOT;XIRECS;11539.0;5
530300;;;ASH_COATED_OSMIUM;XIRECS;9992.0;4
531800;;;INTARIAN_PEPPER_ROOT;XIRECS;11532.0;6
532700;;;ASH_COATED_OSMIUM;XIRECS;10004.0;4
536400;;;INTARIAN_PEPPER_ROOT;XIRECS;11495.0;5
538900;;;ASH_COATED_OSMIUM;XIRECS;10007.0;5
539000;;;ASH_COATED_OSMIUM;XIRECS;9991.0;6
539700;;;ASH_COATED_OSMIUM;XIRECS;10007.0;4
543000;;;INTARIAN_PEPPER_ROOT;XIRECS;11479.0;7
543000;;;ASH_COATED_OSMIUM;XIRECS;9992.0;2
543300;;;INTARIAN_PEPPER_ROOT;XIRECS;11477.0;6
543400;;;ASH_COATED_OSMIUM;XIRECS;9990.0;8
546100;;;ASH_COATED_OSMIUM;XIRECS;10009.0;6
546600;;;ASH_COATED_OSMIUM;XIRECS;9992.0;4
547200;;;ASH_COATED_OSMIUM;XIRECS;9998.0;4
550700;;;ASH_COATED_OSMIUM;XIRECS;10008.0;6
553400;;;INTARIAN_PEPPER_ROOT;XIRECS;11415.0;7
554900;;;ASH_COATED_OSMIUM;XIRECS;10010.0;4
555000;;;ASH_COATED_OSMIUM;XIRECS;9994.0;5
557800;;;INTARIAN_PEPPER_ROOT;XIRECS;11395.0;5
558700;;;INTARIAN_PEPPER_ROOT;XIRECS;11406.0;3
561200;;;INTARIAN_PEPPER_ROOT;XIRECS;11380.0;5
564400;;;ASH_COATED_OSMIUM;XIRECS;10009.0;4
564600;;;ASH_COATED_OSMIUM;XIRECS;10008.0;3
565700;;;ASH_COATED_OSMIUM;XIRECS;10008.0;4
566400;;;INTARIAN_PEPPER_ROOT;XIRECS;11355.0;5
566600;;;ASH_COATED_OSMIUM;XIRECS;9991.0;4
568000;;;INTARIAN_PEPPER_ROOT;XIRECS;11348.0;4
571500;;;INTARIAN_PEPPER_ROOT;XIRECS;11332.0;6
572700;;;ASH_COATED_OSMIUM;XIRECS;10010.0;2
574000;;;ASH_COATED_OSMIUM;XIRECS;9993.0;2
575600;;;ASH_COATED_OSMIUM;XIRECS;9993.0;10
576300;;;INTARIAN_PEPPER_ROOT;XIRECS;11324.0;5
576400;;;INTARIAN_PEPPER_ROOT;XIRECS;11324.0;4
578000;;;INTARIAN_PEPPER_ROOT;XIRECS;11316.0;7
578100;;;INTARIAN_PEPPER_ROOT;XIRECS;11316.0;4
578500;;;ASH_COATED_OSMIUM;XIRECS;9994.0;4
580100;;;INTARIAN_PEPPER_ROOT;XIRECS;11292.0;7
582200;;;ASH_COATED_OSMIUM;XIRECS;10008.0;3
588600;;;INTARIAN_PEPPER_ROOT;XIRECS;11267.0;5
590900;;;INTARIAN_PEPPER_ROOT;XIRECS;11240.0;4
592900;;;INTARIAN_PEPPER_ROOT;XIRECS;11248.0;4
593800;;;INTARIAN_PEPPER_ROOT;XIRECS;11228.0;6
595000;;;ASH_COATED_OSMIUM;XIRECS;9990.0;2
596200;;;INTARIAN_PEPPER_ROOT;XIRECS;11217.0;5
596200;;;ASH_COATED_OSMIUM;XIRECS;10006.0;10
597500;;;ASH_COATED_OSMIUM;XIRECS;10009.0;10
597600;;;ASH_COATED_OSMIUM;XIRECS;10009.0;2
597800;;;INTARIAN_PEPPER_ROOT;XIRECS;11209.0;3
599000;;;ASH_COATED_OSMIUM;XIRECS;9992.0;9
599200;;;ASH_COATED_OSMIUM;XIRECS;10008.0;3
603500;;;ASH_COATED_OSMIUM;XIRECS;9991.0;3
604200;;;ASH_COATED_OSMIUM;XIRECS;10009.0;2
606700;;;ASH_COATED_OSMIUM;XIRECS;10010.0;3
608200;;;INTARIAN_PEPPER_ROOT;XIRECS;11158.0;6
609900;;;INTARIAN_PEPPER_ROOT;XIRECS;11151.0;7
610400;;;ASH_COATED_OSMIUM;XIRECS;9997.0;6
610600;;;INTARIAN_PEPPER_ROOT;XIRECS;11150.0;3
611700;;;INTARIAN_PEPPER_ROOT;XIRECS;11159.0;7
611800;;;ASH_COATED_OSMIUM;XIRECS;9993.0;3
612500;;;ASH_COATED_OSMIUM;XIRECS;10009.0;3
614000;;;ASH_COATED_OSMIUM;XIRECS;10004.0;5
614100;;;ASH_COATED_OSMIUM;XIRECS;9993.0;5
616200;;;INTARIAN_PEPPER_ROOT;XIRECS;11124.0;6
617700;;;INTARIAN_PEPPER_ROOT;XIRECS;11131.0;3
617800;;;ASH_COATED_OSMIUM;XIRECS;9994.0;2
618600;;;INTARIAN_PEPPER_ROOT;XIRECS;11112.0;4
618700;;;ASH_COATED_OSMIUM;XIRECS;10010.0;5
620900;;;ASH_COATED_OSMIUM;XIRECS;10008.0;3
622300;;;INTARIAN_PEPPER_ROOT;XIRECS;11094.0;8
622700;;;ASH_COATED_OSMIUM;XIRECS;10004.0;5
623900;;;INTARIAN_PEPPER_ROOT;XIRECS;11086.0;5
624100;;;ASH_COATED_OSMIUM;XIRECS;10009.0;2
625400;;;ASH_COATED_OSMIUM;XIRECS;10008.0;5
626100;;;ASH_COATED_OSMIUM;XIRECS;10008.0;6
629700;;;INTARIAN_PEPPER_ROOT;XIRECS;11076.0;6
630000;;;ASH_COATED_OSMIUM;XIRECS;9990.0;4
630800;;;INTARIAN_PEPPER_ROOT;XIRECS;11071.0;7
631700;;;INTARIAN_PEPPER_ROOT;XIRECS;11066.0;6
637700;;;INTARIAN_PEPPER_ROOT;XIRECS;11024.0;7
639600;;;ASH_COATED_OSMIUM;XIRECS;9993.0;6
641700;;;ASH_COATED_OSMIUM;XIRECS;9995.0;6
641900;;;ASH_COATED_OSMIUM;XIRECS;9990.0;8
644700;;;ASH_COATED_OSMIUM;XIRECS;10009.0;4
646100;;;ASH_COATED_OSMIUM;XIRECS;9992.0;9
648300;;;ASH_COATED_OSMIUM;XIRECS;10005.0;2
648400;;;INTARIAN_PEPPER_ROOT;XIRECS;10974.0;7
649100;;;ASH_COATED_OSMIUM;XIRECS;9993.0;2
649400;;;INTARIAN_PEPPER_ROOT;XIRECS;10984.0;6
651500;;;INTARIAN_PEPPER_ROOT;XIRECS;10956.0;8
651900;;;INTARIAN_PEPPER_ROOT;XIRECS;10972.0;6
656500;;;ASH_COATED_OSMIUM;XIRECS;9993.0;4
657500;;;INTARIAN_PEPPER_ROOT;XIRECS;10946.0;7
660600;;;INTARIAN_PEPPER_ROOT;XIRECS;10932.0;7
660900;;;INTARIAN_PEPPER_ROOT;XIRECS;10930.0;3
661300;;;INTARIAN_PEPPER_ROOT;XIRECS;10928.0;7
661500;;;ASH_COATED_OSMIUM;XIRECS;9993.0;7
662200;;;ASH_COATED_OSMIUM;XIRECS;9992.0;6
662400;;;ASH_COATED_OSMIUM;XIRECS;9992.0;9
664600;;;INTARIAN_PEPPER_ROOT;XIRECS;10908.0;7
665300;;;INTARIAN_PEPPER_ROOT;XIRECS;10893.0;5
665300;;;INTARIAN_PEPPER_ROOT;XIRECS;10909.0;7
667100;;;ASH_COATED_OSMIUM;XIRECS;10008.0;5
668500;;;INTARIAN_PEPPER_ROOT;XIRECS;10880.0;7
670800;;;ASH_COATED_OSMIUM;XIRECS;9993.0;7
675900;;;INTARIAN_PEPPER_ROOT;XIRECS;10844.0;5
680500;;;INTARIAN_PEPPER_ROOT;XIRECS;10825.0;3
681700;;;INTARIAN_PEPPER_ROOT;XIRECS;10819.0;6
682100;;;ASH_COATED_OSMIUM;XIRECS;9991.0;5
684000;;;INTARIAN_PEPPER_ROOT;XIRECS;10822.0;6
684700;;;INTARIAN_PEPPER_ROOT;XIRECS;10820.0;7
684900;;;INTARIAN_PEPPER_ROOT;XIRECS;10802.0;3
684900;;;ASH_COATED_OSMIUM;XIRECS;10007.0;5
686100;;;INTARIAN_PEPPER_ROOT;XIRECS;10798.0;8
687200;;;INTARIAN_PEPPER_ROOT;XIRECS;10807.0;8
688500;;;ASH_COATED_OSMIUM;XIRECS;10009.0;4
691500;;;INTARIAN_PEPPER_ROOT;XIRECS;10788.0;5
693800;;;ASH_COATED_OSMIUM;XIRECS;9992.0;6
695400;;;ASH_COATED_OSMIUM;XIRECS;10011.0;4
698600;;;ASH_COATED_OSMIUM;XIRECS;10007.0;3
699200;;;ASH_COATED_OSMIUM;XIRECS;10009.0;9
699700;;;ASH_COATED_OSMIUM;XIRECS;10009.0;4
700300;;;INTARIAN_PEPPER_ROOT;XIRECS;10732.0;5
700700;;;ASH_COATED_OSMIUM;XIRECS;10010.0;5
702400;;;INTARIAN_PEPPER_ROOT;XIRECS;10722.0;4
702400;;;ASH_COATED_OSMIUM;XIRECS;9991.0;2
706400;;;INTARIAN_PEPPER_ROOT;XIRECS;10704.0;7
707900;;;INTARIAN_PEPPER_ROOT;XIRECS;10711.0;4
709800;;;ASH_COATED_OSMIUM;XIRECS;9992.0;3
710500;;;INTARIAN_PEPPER_ROOT;XIRECS;10685.0;6
713300;;;ASH_COATED_OSMIUM;XIRECS;9993.0;5
713700;;;ASH_COATED_OSMIUM;XIRECS;9993.0;5
714800;;;ASH_COATED_OSMIUM;XIRECS;9993.0;6
716300;;;ASH_COATED_OSMIUM;XIRECS;10011.0;7
717200;;;INTARIAN_PEPPER_ROOT;XIRECS;10653.0;4
719200;;;INTARIAN_PEPPER_ROOT;XIRECS;10658.0;4
719800;;;ASH_COATED_OSMIUM;XIRECS;10008.0;3
719800;;;ASH_COATED_OSMIUM;XIRECS;9989.0;4
720500;;;ASH_COATED_OSMIUM;XIRECS;9990.0;6
720600;;;ASH_COATED_OSMIUM;XIRECS;10006.0;5
721200;;;INTARIAN_PEPPER_ROOT;XIRECS;10634.0;3
721300;;;ASH_COATED_OSMIUM;XIRECS;9991.0;8
722200;;;ASH_COATED_OSMIUM;XIRECS;9990.0;5
725500;;;ASH_COATED_OSMIUM;XIRECS;10009.0;6
725700;;;ASH_COATED_OSMIUM;XIRECS;10010.0;8
728400;;;INTARIAN_PEPPER_ROOT;XIRECS;10600.0;7
729900;;;INTARIAN_PEPPER_ROOT;XIRECS;10594.0;3
730400;;;ASH_COATED_OSMIUM;XIRECS;9992.0;6
731600;;;INTARIAN_PEPPER_ROOT;XIRECS;10589.0;5
732500;;;INTARIAN_PEPPER_ROOT;XIRECS;10582.0;3
734000;;;ASH_COATED_OSMIUM;XIRECS;9993.0;6
734300;;;ASH_COATED_OSMIUM;XIRECS;9995.0;2
734900;;;INTARIAN_PEPPER_ROOT;XIRECS;10569.0;6
739200;;;ASH_COATED_OSMIUM;XIRECS;9992.0;10
740800;;;ASH_COATED_OSMIUM;XIRECS;10008.0;2
740900;;;INTARIAN_PEPPER_ROOT;XIRECS;10543.0;6
741300;;;ASH_COATED_OSMIUM;XIRECS;10007.0;10
741900;;;ASH_COATED_OSMIUM;XIRECS;9990.0;4
743000;;;INTARIAN_PEPPER_ROOT;XIRECS;10533.0;7
743500;;;INTARIAN_PEPPER_ROOT;XIRECS;10530.0;3
745100;;;INTARIAN_PEPPER_ROOT;XIRECS;10538.0;3
746000;;;ASH_COATED_OSMIUM;XIRECS;10008.0;6
746400;;;INTARIAN_PEPPER_ROOT;XIRECS;10532.0;6
746500;;;INTARIAN_PEPPER_ROOT;XIRECS;10517.0;6
749900;;;INTARIAN_PEPPER_ROOT;XIRECS;10498.0;7
751500;;;INTARIAN_PEPPER_ROOT;XIRECS;10494.0;6
752200;;;INTARIAN_PEPPER_ROOT;XIRECS;10505.0;6
753200;;;INTARIAN_PEPPER_ROOT;XIRECS;10500.0;4
753300;;;ASH_COATED_OSMIUM;XIRECS;9990.0;9
753600;;;ASH_COATED_OSMIUM;XIRECS;10007.0;4
753700;;;INTARIAN_PEPPER_ROOT;XIRECS;10500.0;6
754800;;;ASH_COATED_OSMIUM;XIRECS;10010.0;2
755600;;;ASH_COATED_OSMIUM;XIRECS;9991.0;10
759000;;;ASH_COATED_OSMIUM;XIRECS;10009.0;5
759400;;;INTARIAN_PEPPER_ROOT;XIRECS;10472.0;6
761300;;;INTARIAN_PEPPER_ROOT;XIRECS;10448.0;7
761600;;;ASH_COATED_OSMIUM;XIRECS;10008.0;6
762600;;;ASH_COATED_OSMIUM;XIRECS;10010.0;6
764200;;;ASH_COATED_OSMIUM;XIRECS;10009.0;6
764400;;;ASH_COATED_OSMIUM;XIRECS;9992.0;2
764700;;;ASH_COATED_OSMIUM;XIRECS;9993.0;5
768900;;;INTARIAN_PEPPER_ROOT;XIRECS;10411.0;4
771100;;;ASH_COATED_OSMIUM;XIRECS;9992.0;10
771900;;;INTARIAN_PEPPER_ROOT;XIRECS;10397.0;5
772300;;;INTARIAN_PEPPER_ROOT;XIRECS;10397.0;3
772300;;;ASH_COATED_OSMIUM;XIRECS;10008.0;4
772400;;;ASH_COATED_OSMIUM;XIRECS;10010.0;5
775600;;;ASH_COATED_OSMIUM;XIRECS;10009.0;3
776700;;;ASH_COATED_OSMIUM;XIRECS;9991.0;6
776800;;;INTARIAN_PEPPER_ROOT;XIRECS;10391.0;5
779100;;;INTARIAN_PEPPER_ROOT;XIRECS;10363.0;3
782900;;;INTARIAN_PEPPER_ROOT;XIRECS;10362.0;4
785600;;;INTARIAN_PEPPER_ROOT;XIRECS;10350.0;6
786000;;;INTARIAN_PEPPER_ROOT;XIRECS;10347.0;5
786400;;;INTARIAN_PEPPER_ROOT;XIRECS;10331.0;5
787100;;;ASH_COATED_OSMIUM;XIRECS;10009.0;8
787200;;;ASH_COATED_OSMIUM;XIRECS;10009.0;5
787300;;;ASH_COATED_OSMIUM;XIRECS;10009.0;2
787900;;;ASH_COATED_OSMIUM;XIRECS;10012.0;9
788600;;;INTARIAN_PEPPER_ROOT;XIRECS;10336.0;4
791000;;;ASH_COATED_OSMIUM;XIRECS;10008.0;6
791700;;;INTARIAN_PEPPER_ROOT;XIRECS;10321.0;7
793800;;;ASH_COATED_OSMIUM;XIRECS;9995.0;2
795400;;;INTARIAN_PEPPER_ROOT;XIRECS;10289.0;7
796900;;;INTARIAN_PEPPER_ROOT;XIRECS;10299.0;5
798200;;;ASH_COATED_OSMIUM;XIRECS;10009.0;5
798500;;;INTARIAN_PEPPER_ROOT;XIRECS;10275.0;4
798700;;;INTARIAN_PEPPER_ROOT;XIRECS;10274.0;4
798800;;;ASH_COATED_OSMIUM;XIRECS;10008.0;7
799000;;;ASH_COATED_OSMIUM;XIRECS;9992.0;3
799600;;;INTARIAN_PEPPER_ROOT;XIRECS;10269.0;5
802000;;;INTARIAN_PEPPER_ROOT;XIRECS;10275.0;5
802600;;;INTARIAN_PEPPER_ROOT;XIRECS;10252.0;7
804300;;;ASH_COATED_OSMIUM;XIRECS;10010.0;4
806500;;;ASH_COATED_OSMIUM;XIRECS;10010.0;3
808200;;;ASH_COATED_OSMIUM;XIRECS;10011.0;6
808200;;;ASH_COATED_OSMIUM;XIRECS;9993.0;5
809200;;;ASH_COATED_OSMIUM;XIRECS;9993.0;4
811200;;;INTARIAN_PEPPER_ROOT;XIRECS;10213.0;4
811900;;;ASH_COATED_OSMIUM;XIRECS;10009.0;4
812800;;;INTARIAN_PEPPER_ROOT;XIRECS;10217.0;6
812900;;;INTARIAN_PEPPER_ROOT;XIRECS;10222.0;3
814300;;;ASH_COATED_OSMIUM;XIRECS;10008.0;10
814500;;;ASH_COATED_OSMIUM;XIRECS;9992.0;4
815300;;;ASH_COATED_OSMIUM;XIRECS;9992.0;6
818500;;;ASH_COATED_OSMIUM;XIRECS;9991.0;4
818900;;;INTARIAN_PEPPER_ROOT;XIRECS;10185.0;7
820300;;;ASH_COATED_OSMIUM;XIRECS;10010.0;6
823500;;;INTARIAN_PEPPER_ROOT;XIRECS;10157.0;4
824800;;;INTARIAN_PEPPER_ROOT;XIRECS;10168.0;7
827000;;;ASH_COATED_OSMIUM;XIRECS;9994.0;4
827800;;;INTARIAN_PEPPER_ROOT;XIRECS;10153.0;3
830000;;;INTARIAN_PEPPER_ROOT;XIRECS;10126.0;6
831500;;;ASH_COATED_OSMIUM;XIRECS;10010.0;4
832200;;;INTARIAN_PEPPER_ROOT;XIRECS;10118.0;7
832900;;;ASH_COATED_OSMIUM;XIRECS;9993.0;3
834700;;;INTARIAN_PEPPER_ROOT;XIRECS;10108.0;6
836700;;;INTARIAN_PEPPER_ROOT;XIRECS;10113.0;3
837100;;;INTARIAN_PEPPER_ROOT;XIRECS;10093.0;3
841400;;;INTARIAN_PEPPER_ROOT;XIRECS;10089.0;5
847400;;;INTARIAN_PEPPER_ROOT;XIRECS;10053.0;3
847800;;;INTARIAN_PEPPER_ROOT;XIRECS;10044.0;3
848200;;;INTARIAN_PEPPER_ROOT;XIRECS;10043.0;6
848900;;;INTARIAN_PEPPER_ROOT;XIRECS;10054.0;3
848900;;;ASH_COATED_OSMIUM;XIRECS;10005.0;4
849000;;;ASH_COATED_OSMIUM;XIRECS;10008.0;7
851300;;;ASH_COATED_OSMIUM;XIRECS;10009.0;8
851600;;;INTARIAN_PEPPER_ROOT;XIRECS;10028.0;7
856400;;;ASH_COATED_OSMIUM;XIRECS;9994.0;6
856800;;;ASH_COATED_OSMIUM;XIRECS;10009.0;6
862100;;;INTARIAN_PEPPER_ROOT;XIRECS;9995.0;7
862800;;;INTARIAN_PEPPER_ROOT;XIRECS;9990.0;6
862800;;;INTARIAN_PEPPER_ROOT;XIRECS;9990.0;7
862800;;;ASH_COATED_OSMIUM;XIRECS;10009.0;6
863200;;;INTARIAN_PEPPER_ROOT;XIRECS;9973.0;6
874700;;;ASH_COATED_OSMIUM;XIRECS;10008.0;4
877000;;;ASH_COATED_OSMIUM;XIRECS;10009.0;3
877600;;;ASH_COATED_OSMIUM;XIRECS;9991.0;5
879200;;;INTARIAN_PEPPER_ROOT;XIRECS;9899.0;6
882800;;;INTARIAN_PEPPER_ROOT;XIRECS;9882.0;8
886500;;;INTARIAN_PEPPER_ROOT;XIRECS;9863.0;5
886700;;;INTARIAN_PEPPER_ROOT;XIRECS;9864.0;4
888000;;;ASH_COATED_OSMIUM;XIRECS;10009.0;5
889700;;;ASH_COATED_OSMIUM;XIRECS;10007.0;4
892600;;;INTARIAN_PEPPER_ROOT;XIRECS;9851.0;4
892800;;;ASH_COATED_OSMIUM;XIRECS;9992.0;6
896100;;;INTARIAN_PEPPER_ROOT;XIRECS;9834.0;4
896400;;;ASH_COATED_OSMIUM;XIRECS;9994.0;4
900600;;;INTARIAN_PEPPER_ROOT;XIRECS;9815.0;7
901100;;;INTARIAN_PEPPER_ROOT;XIRECS;9813.0;3
903500;;;INTARIAN_PEPPER_ROOT;XIRECS;9802.0;4
904700;;;ASH_COATED_OSMIUM;XIRECS;10011.0;5
906900;;;INTARIAN_PEPPER_ROOT;XIRECS;9784.0;3
908700;;;INTARIAN_PEPPER_ROOT;XIRECS;9762.0;4
910500;;;ASH_COATED_OSMIUM;XIRECS;9992.0;6
913300;;;ASH_COATED_OSMIUM;XIRECS;10009.0;3
913600;;;ASH_COATED_OSMIUM;XIRECS;10008.0;5
914400;;;ASH_COATED_OSMIUM;XIRECS;10009.0;5
915600;;;INTARIAN_PEPPER_ROOT;XIRECS;9728.0;6
916100;;;ASH_COATED_OSMIUM;XIRECS;9994.0;4
916400;;;INTARIAN_PEPPER_ROOT;XIRECS;9724.0;4
917500;;;INTARIAN_PEPPER_ROOT;XIRECS;9737.0;6
919900;;;INTARIAN_PEPPER_ROOT;XIRECS;9709.0;3
921000;;;INTARIAN_PEPPER_ROOT;XIRECS;9704.0;6
921900;;;ASH_COATED_OSMIUM;XIRECS;10009.0;6
922300;;;INTARIAN_PEPPER_ROOT;XIRECS;9713.0;6
924700;;;INTARIAN_PEPPER_ROOT;XIRECS;9687.0;5
927800;;;ASH_COATED_OSMIUM;XIRECS;9994.0;2
927900;;;ASH_COATED_OSMIUM;XIRECS;10008.0;6
929500;;;ASH_COATED_OSMIUM;XIRECS;10008.0;3
930800;;;ASH_COATED_OSMIUM;XIRECS;10008.0;4
932600;;;ASH_COATED_OSMIUM;XIRECS;10009.0;5
933800;;;ASH_COATED_OSMIUM;XIRECS;9991.0;10
933900;;;ASH_COATED_OSMIUM;XIRECS;9990.0;2
934600;;;ASH_COATED_OSMIUM;XIRECS;9990.0;6
937800;;;INTARIAN_PEPPER_ROOT;XIRECS;9632.0;4
938900;;;INTARIAN_PEPPER_ROOT;XIRECS;9621.0;6
942000;;;INTARIAN_PEPPER_ROOT;XIRECS;9621.0;5
943000;;;INTARIAN_PEPPER_ROOT;XIRECS;9617.0;3
943100;;;ASH_COATED_OSMIUM;XIRECS;10010.0;6
943300;;;INTARIAN_PEPPER_ROOT;XIRECS;9615.0;4
943400;;;ASH_COATED_OSMIUM;XIRECS;9992.0;2
944700;;;INTARIAN_PEPPER_ROOT;XIRECS;9594.0;3
947100;;;INTARIAN_PEPPER_ROOT;XIRECS;9598.0;7
949700;;;ASH_COATED_OSMIUM;XIRECS;9997.0;5
950700;;;INTARIAN_PEPPER_ROOT;XIRECS;9566.0;6
950900;;;ASH_COATED_OSMIUM;XIRECS;9991.0;2
951900;;;ASH_COATED_OSMIUM;XIRECS;9991.0;6
953400;;;ASH_COATED_OSMIUM;XIRECS;10009.0;8
953800;;;ASH_COATED_OSMIUM;XIRECS;10010.0;4
954100;;;ASH_COATED_OSMIUM;XIRECS;9994.0;9
954400;;;ASH_COATED_OSMIUM;XIRECS;10011.0;6
954900;;;INTARIAN_PEPPER_ROOT;XIRECS;9561.0;8
955100;;;INTARIAN_PEPPER_ROOT;XIRECS;9544.0;4
958100;;;ASH_COATED_OSMIUM;XIRECS;10009.0;5
958300;;;INTARIAN_PEPPER_ROOT;XIRECS;9530.0;7
959100;;;ASH_COATED_OSMIUM;XIRECS;10009.0;5
959400;;;INTARIAN_PEPPER_ROOT;XIRECS;9540.0;3
960200;;;INTARIAN_PEPPER_ROOT;XIRECS;9522.0;7
960600;;;ASH_COATED_OSMIUM;XIRECS;9992.0;4
962900;;;ASH_COATED_OSMIUM;XIRECS;9992.0;9
963200;;;INTARIAN_PEPPER_ROOT;XIRECS;9522.0;6
965700;;;ASH_COATED_OSMIUM;XIRECS;10009.0;6
967700;;;ASH_COATED_OSMIUM;XIRECS;10008.0;10
969100;;;ASH_COATED_OSMIUM;XIRECS;9990.0;5
970100;;;ASH_COATED_OSMIUM;XIRECS;10008.0;9
970300;;;INTARIAN_PEPPER_ROOT;XIRECS;9491.0;5
970700;;;INTARIAN_PEPPER_ROOT;XIRECS;9487.0;8
971400;;;INTARIAN_PEPPER_ROOT;XIRECS;9468.0;5
972600;;;ASH_COATED_OSMIUM;XIRECS;9992.0;2
973100;;;INTARIAN_PEPPER_ROOT;XIRECS;9460.0;7
973900;;;INTARIAN_PEPPER_ROOT;XIRECS;9456.0;3
974200;;;INTARIAN_PEPPER_ROOT;XIRECS;9457.0;3
975400;;;ASH_COATED_OSMIUM;XIRECS;10009.0;10
976300;;;INTARIAN_PEPPER_ROOT;XIRECS;9461.0;3
982000;;;INTARIAN_PEPPER_ROOT;XIRECS;9420.0;6
985500;;;ASH_COATED_OSMIUM;XIRECS;10008.0;6
986800;;;ASH_COATED_OSMIUM;XIRECS;9991.0;10
987000;;;ASH_COATED_OSMIUM;XIRECS;10010.0;2
988000;;;ASH_COATED_OSMIUM;XIRECS;10009.0;4
989400;;;ASH_COATED_OSMIUM;XIRECS;10008.0;2
989600;;;ASH_COATED_OSMIUM;XIRECS;10009.0;4
989900;;;INTARIAN_PEPPER_ROOT;XIRECS;9383.0;6
990200;;;ASH_COATED_OSMIUM;XIRECS;9990.0;5
991000;;;ASH_COATED_OSMIUM;XIRECS;9992.0;6
992100;;;ASH_COATED_OSMIUM;XIRECS;9991.0;6
995100;;;ASH_COATED_OSMIUM;XIRECS;10009.0;5
996000;;;INTARIAN_PEPPER_ROOT;XIRECS;9369.0;4
998100;;;ASH_COATED_OSMIUM;XIRECS;10007.0;5
999600;;;INTARIAN_PEPPER_ROOT;XIRECS;9338.0;7